A,B,C,D
0.05499386225430611,Class 1,0.2917423531089297,-1.2318842185825194
0.515830279282853,Class 2,1.5357598316364296,0.4290252628883425
0.41339416163633597,Class 1,1.647116740618252,0.49902632944754666
0.00900793774416858,Class 2,0.9459458538160889,-0.05556994854923585
-1.2556378932514354,Class 1,2.3867852813023744,0.8699473899392066
-1.1272789579556102,Class 2,1.5303790649100284,0.4255154595613371
-0.5808056813669432,Class 1,1.2832544787647155,0.24939941262535106
1.2790134220031821,Class 2,1.0536402940536935,0.052251114882020534
-2.8813501477348487,Class 1,0.6123270723308353,-0.4904887073145557
1.3817420096549133,Class 2,0.29164249122106,-1.2322265719700496
-0.3504166139290805,Class 1,5.193393333344963,1.6473873049834207
-0.8380585280383632,Class 2,1.1478519930065552,0.13789236363323157
-0.780332443937254,Class 1,0.2605674766369653,-1.34489342393334
-0.27134434970870797,Class 2,3.046817547475907,1.1140976188132587
0.4516060269064104,Class 1,0.3098146147752729,-1.1717811772403028
0.1387772486941275,Class 2,1.0286176094077986,0.028215773994169413
-0.6012561322728855,Class 1,0.26952634627087596,-1.3110891335935433
0.5007152045761019,Class 2,1.1683540410426871,0.15559595580632626
0.31806536715943795,Class 1,0.3451693991457309,-1.0637199704411209
1.3298309079983484,Class 2,0.45225911789793655,-0.7934999937204994
0.8827162118193912,Class 1,0.8937425484452896,-0.11233752241254781
0.4619936341375651,Class 2,1.806344190272558,0.5913050183827048
-0.23361194600799107,Class 1,0.6554666815258805,-0.4224078061688054
-0.8987464329313598,Class 2,0.35774229290276655,-1.0279424040263667
1.8650390578732678,Class 1,2.3484313804169035,0.8537476075853616
-0.8472137036424167,Class 2,0.6679035589856738,-0.40361148864418117
-0.3055264827652786,Class 1,3.7224220239960766,1.3143745381426826
0.8587225279914713,Class 2,0.18125325456524996,-1.7078600291864952
-0.5834621516260317,Class 1,0.5941975602494993,-0.5205434219036624
-0.7652986166625303,Class 2,4.292860548155691,1.4569533051731705
1.6118268559644668,Class 1,0.5395914363082271,-0.616943025218826
-0.332491050251686,Class 2,0.23649564751045551,-1.4418254749807882
0.42161549989026426,Class 1,5.969071167871919,1.7865913320291427
-0.1596137374872854,Class 2,1.4308780270143093,0.35828826075304043
-1.1657489805295556,Class 1,0.9993073097396149,-6.929302811299364e-4
-0.5735536680593178,Class 2,1.2477052405154778,0.2213060565666591
1.0861326648501504,Class 1,0.5741889171136643,-0.5547968129205565
0.722564631747738,Class 2,7.032900929145741,1.9505992706556055
-1.209165791813436,Class 1,1.1034083221629856,0.0984038641179313
-0.6702256910594822,Class 2,0.2642823795309825,-1.3307371280355644
-0.015458755288769067,Class 1,0.8948497892128823,-0.11109940807455873
-0.12294930779334184,Class 2,0.39549156643975947,-0.9276258157950594
-0.4349920501071492,Class 1,3.5417125270760237,1.264610374880001
-1.4767297469943494,Class 2,8.840586287498569,2.1793531965655606
1.1641707181018452,Class 1,0.265561309209082,-1.3259095451498002
1.3944872749797692,Class 2,0.318109159139811,-1.1453606873695952
-0.026678432286950562,Class 1,2.552782820329939,0.9371840662232519
0.9443887707198586,Class 2,0.3442868751886472,-1.066280029641202
-1.506664197595679,Class 1,1.2126114855123822,0.1927762864169878
0.1873079594806861,Class 2,1.6848291328880445,0.5216641538482923
0.5749917632725848,Class 1,1.7122764029221598,0.5378237149928523
-0.5650091091048343,Class 2,0.6194074258108582,-0.47899202279862785
1.500739276128877,Class 1,7.908644716054408,2.0679564290533037
1.1914015330395207,Class 2,0.3635863484593352,-1.0117384628750403
-0.32877835384279186,Class 1,6.3195131655049845,1.8436421744172158
-1.589322819979121,Class 2,1.0597000638405603,0.057985909442645284
-1.057509856467351,Class 1,0.30127034835962024,-1.1997472500364532
0.19999172663569106,Class 2,1.2669693482931275,0.23662770869681815
-0.15776015869486537,Class 1,0.5877320801925469,-0.5314840808527036
0.24641078743645176,Class 2,0.7254002827314868,-0.3210316623739861
0.8286733741597667,Class 1,3.838677555582989,1.3451279207180333
-0.3179625752674857,Class 2,1.4726889997729133,0.38708998129376326
0.2031144085718364,Class 1,3.29793125875429,1.1932953806073534
0.48161362577195893,Class 2,0.5783798128449731,-0.5475245104669707
0.47511207691694,Class 1,2.2005265682981583,0.7886966809512495
0.3967914324249117,Class 2,0.6358629699299705,-0.4527721949409637
-1.151228324105576,Class 1,3.9025458149439585,1.3616291132344915
-3.414494187525605,Class 2,1.7316827001795712,0.5490935948467063
-0.829809851983614,Class 1,14.378069391910753,2.6657040868061714
-0.19547315624131065,Class 2,0.30850696735381644,-1.176010851276435
0.8039128069961337,Class 1,2.481663619595702,0.908929149634618
0.006717704973440587,Class 2,1.824050770600997,0.6010597260240784
-0.763724773396446,Class 1,5.175082752696999,1.6438553298829037
-0.18712839451191493,Class 2,0.32567913291649403,-1.1218426371696915
-0.0016933432241296247,Class 1,0.44916348026400266,-0.8003683589241624
0.5507255093854283,Class 2,0.6148480196633493,-0.4863801642140343
-0.27548469007388315,Class 1,1.8007293569570226,0.5881917811409102
0.05441155931087318,Class 2,0.7966474527355527,-0.2273430409206957
0.7274530527076224,Class 1,1.1164759540845435,0.11017725519606286
-0.4788457909443145,Class 2,3.6079451800989863,1.2831384080990789
0.07674947043092063,Class 1,0.195042021630228,-1.634540248094588
-0.5814305691796974,Class 2,0.24256823904794883,-1.4164722100537572
-1.1618659895007077,Class 1,1.7858514677779134,0.5798953142579183
-1.1867573923331065,Class 2,0.907826813728162,-0.09670165235240163
0.5837715828068439,Class 1,1.2100474809106,0.19065959926074805
-1.362134453667333,Class 2,1.0295169601208625,0.029089721483922096
0.529301799084095,Class 1,2.5449185877853013,0.9340986604084281
-1.4203515796419546,Class 2,0.383290145702221,-0.9589630160254574
-0.3562056088535288,Class 1,0.692801620780268,-0.3670115822732129
0.4823861273503545,Class 2,1.3302957496332726,0.28540128565884865
1.0515635131938876,Class 1,0.8188327236326804,-0.19987546063858824
-0.051585374693559935,Class 2,0.5501387785624421,-0.5975847079251476
1.7559622505572832,Class 1,3.944049964466935,1.3722081051355337
-0.7168489711679426,Class 2,0.8948934857368595,-0.111050578139453
0.18560899677529832,Class 1,0.40504550689999963,-0.9037558554717666
-1.4258878263479662,Class 2,1.8270166612040803,0.602684396787282
-0.036195607633522114,Class 1,4.01606673950612,1.3903030006542623
-0.29217110845802896,Class 2,0.24832511860847917,-1.3930164292467666
0.2588869185492495,Class 1,0.33234143937274724,-1.101592406693753
-0.5509304209109904,Class 2,2.4772890277143476,0.907164828284017
-0.8881493696009536,Class 1,0.9218551429301506,-0.08136717955831782
-0.7224713924747546,Class 2,0.9356961681491299,-0.06646446187897678
-1.7518633045321141,Class 1,1.6927020006241034,0.5263260691251973
-0.02221733657962658,Class 2,1.0452742837555602,0.0442793234702547
0.3866980202300396,Class 1,0.2746473563025522,-1.2922673449359856
1.2123161041149297,Class 2,0.47258810007751656,-0.749531094238437
-1.0966915590956121,Class 1,0.4397055283086104,-0.8216500299642212
-0.6904916767137951,Class 2,0.2624853597111913,-1.337559971034599
1.3183764715381339,Class 1,0.3539721805021356,-1.0385369550885755
0.6883325330753434,Class 2,0.39947994329674863,-0.9175917195498671
-1.7740061034065937,Class 1,3.676732844464561,1.3020245438363733
1.2567342362403044,Class 2,1.9007976622383451,0.642273620302407
-0.30366556550701196,Class 1,6.753621987307338,1.9100789516833199
1.0599986829715935,Class 2,0.46656633875189074,-0.7623550635490187
-0.1292222006113512,Class 1,4.564524659955509,1.5183143815619176
-0.6641027022440272,Class 2,0.20892444115808742,-1.5657826179428362
1.6987701023632544,Class 1,0.8455498838168946,-0.1677681131918167
-0.5027476615614632,Class 2,1.324479517006142,0.2810195649113832
-0.43072469386979445,Class 1,1.1178454510159173,0.11140312816111628
-0.8262742663528803,Class 2,7.60404491763277,2.028680331714571
0.6065815704138431,Class 1,2.5954418910782935,0.9537567877002123
-0.5001612210258499,Class 2,0.9566318299168685,-0.04433667428065542
-0.8686009324202959,Class 1,1.0398302958010706,0.03905752272409227
1.6380886216136876,Class 2,6.902693341490968,1.931911674787147
-0.4991538386244918,Class 1,0.43166051276690887,-0.8401158497566634
-0.306485040791891,Class 2,0.4886283804853365,-0.7161530365295086
-1.6731313014758864,Class 1,0.7766796278045882,-0.25272733306933226
0.23633942054295615,Class 2,1.1717505933164005,0.15849886417122278
1.4525124799515823,Class 1,0.36018514358910697,-1.0211370919850815
-0.7593489572629014,Class 2,2.113207290723103,0.7482068363887194
-1.0311224917099346,Class 1,1.2714487023108303,0.24015696083561694
0.8534721273846564,Class 2,5.179188340858554,1.6446483530401346
-0.46825030985444555,Class 1,0.7539006354948071,-0.2824947028217308
-0.03592465347673037,Class 2,0.8644843355198261,-0.14562209372240492
0.841587618731179,Class 1,0.17466563816605168,-1.7448817717088405
-0.6015055351153418,Class 2,2.759058113259623,1.0148893581737526
1.3313047365671424,Class 1,0.37129109419518846,-0.9907689035562214
-1.7559913651969938,Class 2,0.5611523908191498,-0.5777627689584239
0.18025559359671897,Class 1,1.1164440719620787,0.11014869875687561
2.6901014118765905,Class 2,0.8787959365625329,-0.12920256233019525
-0.9703472799344891,Class 1,0.3218472225031606,-1.133678310307418
-0.3207351371061685,Class 2,1.8864705284652943,0.6347076379653422
-0.47943027985110304,Class 1,1.2084276067146131,0.18932001594520187
1.0130482317159086,Class 2,0.6655141781884755,-0.4071953368082066
-1.1880352258199132,Class 1,0.2957711742589068,-1.2181691835591233
-0.03796752286653615,Class 2,3.282019163194466,1.1884588315278992
2.1512337418840843,Class 1,0.9693686765884433,-0.03111026825667867
0.9241507927091202,Class 2,3.1962798992935397,1.1619876020710322
2.2425326964591785,Class 1,1.8224650312067798,0.60018999745008506
0.03165875575656544,Class 2,0.2486165441107763,-1.3918435530016537
-0.984632798889333,Class 1,2.766615206931581,1.0176246260572144
0.2786162628217809,Class 2,1.4147191178961656,0.3469310081372292
-0.9386564503253669,Class 1,0.317733883687515,-1.146541090301116
-1.0678689977764393,Class 2,0.9944255506160332,-0.005590044610471154
0.15075226315185938,Class 1,1.7630694478476756,0.5670562944990409
3.051889594139548,Class 2,0.6320398030018389,-0.4588029073851114
0.7822680855056308,Class 1,2.5913085975798706,0.9521629981464643
-0.4621648786415722,Class 2,1.5599125110099383,0.4446297370028161
1.6807128642017393,Class 1,0.8765252430383792,-0.13178977521994797
-2.518326201831147,Class 2,0.4666072871842987,-0.762267301890746
-1.2141222183977862,Class 1,0.679327954384104,-0.38665127188110654
1.1407356054471125,Class 2,2.419025384108344,0.8833647252100146
-0.9984362238290191,Class 1,1.9622567105173663,0.6740951938264892
0.07890889587210242,Class 2,0.3616265263551198,-1.0171432948717387
1.093994264993341,Class 1,0.6949019152324195,-0.36398457253898847
-1.195050572485049,Class 2,0.4291013523205236,-0.8460621354619532
0.46378717042494505,Class 1,0.8002780958011629,-0.22279599196850347
-2.9005412302726548,Class 2,0.8277973914094169,-0.18898685090535627
0.9221682677010052,Class 1,4.345341996609965,1.469104466001896
-2.4574281550498496,Class 2,2.2001482405557367,0.7885247401649897
-0.6476127388143901,Class 1,1.4032687948999936,0.3388043685862089
-1.083956651833504,Class 2,0.9334716399257096,-0.06884469683066922
0.06070965490391815,Class 1,1.6549336122592453,0.5037608945859382
0.8106374570259485,Class 2,5.058231671670811,1.6210169502179872
-1.595455164085348,Class 1,0.39242167025217645,-0.9354183279121582
0.4647822613091204,Class 2,1.9724895032833432,0.6792964521943757
-0.2920582758703907,Class 1,0.3189153518911192,-1.1428295659833407
0.22775286966962707,Class 2,0.42068401518265347,-0.8658732848701683
1.4405537868791414,Class 1,1.5320122350846281,0.42658205763417734
1.6218006133057439,Class 2,2.740090033032662,1.0079907786311857
-1.5788976331060134,Class 1,4.233176162384643,1.4429525771114582
-1.571257765568524,Class 2,0.17748198650115907,-1.7288861597170793
0.15029755774741427,Class 1,1.9004282974241127,0.6420792804660939
-1.0531936080505937,Class 2,0.17905051844595982,-1.7200872870045525
0.11406612515029965,Class 1,13.246675351979906,2.583746604115631
0.9626777918312773,Class 2,6.021429181347986,1.7953246366840265
-1.239074122965736,Class 1,0.4390871929013753,-0.8230572685413128
-0.4294887912081198,Class 2,4.499563889877625,1.5039804787193432
-1.1719443760934027,Class 1,2.1630499715642784,0.7715192496001604
-0.7622330600433918,Class 2,0.8320700473466859,-0.18383865018237677
0.06953881592360857,Class 1,1.1904037103548828,0.17429250198941584
-0.22773248002943192,Class 2,0.48640591475322686,-0.720711788138435
-2.257591740975935,Class 1,0.6078728617282674,-0.4977895278818655
0.13564954492707226,Class 2,0.7687859342689553,-0.2629427171893705
0.28373279746561225,Class 1,3.2317574445946513,1.1730260897592626
-0.05460854459938197,Class 2,0.4751435310654299,-0.7441383499277934
0.04653429503817914,Class 1,0.30888899188142627,-1.1747733162046514
0.48340895549164353,Class 2,0.5668418570378271,-0.567674925907365
0.38115935350762503,Class 1,0.5039394058451844,-0.6852992446362032
-1.1210208730170304,Class 2,2.36415543478546,0.8604208481376363
-0.7526375469933934,Class 1,0.5549895594927335,-0.5888059771374496
0.13082816619286544,Class 2,2.0041777338775875,0.6952338688496063
1.418844114100615,Class 1,5.404158253432933,1.6871687041682322
1.218811436116568,Class 2,0.2996025217186826,-1.2052986104229508
-1.0381329915980082,Class 1,1.5926307586615587,0.4653872141430622
-0.9334426981926203,Class 2,1.277426412350458,0.2448474385798298
-0.8085148963635062,Class 1,1.824953553383097,0.6015545365095502
-1.1950261990689242,Class 2,0.7728313666169059,-0.2576944086351167
0.9767279990476235,Class 1,0.6723121223381167,-0.39703257852569707
0.036926783575774495,Class 2,1.7102700752396285,0.5366512967801842
-0.3492549346090071,Class 1,0.09987057123681181,-2.3038802189395886
-0.8810723807194388,Class 2,0.5797465752700278,-0.5451642101170223
0.8303607183668745,Class 1,0.4999515994683768,-0.693243986308717
2.2349246989374687,Class 2,0.570544543249695,-0.561164035164895
-0.838179039830998,Class 1,1.8373308552224505,0.6083138962882293
0.8459712290676644,Class 2,0.5085031901046483,-0.6762837899544041
1.0040484975854587,Class 1,1.0229124570122965,0.02265390853972145
-0.6026968501046046,Class 2,1.2458442326859986,0.2198133986547058
-1.2805209038470569,Class 1,0.22634796945960114,-1.485681775939607
-0.18026964638442627,Class 2,4.4700646973757125,1.4974028822065764
0.6763745165120227,Class 1,0.48688404465312,-0.7197292855784645
-0.44557138221175513,Class 2,1.760793069218808,0.5657643150676703
0.11773038671175233,Class 1,0.6440215809890787,-0.44002304258665287
-1.435349138692005,Class 2,0.2533534752461037,-1.3729696299800185
-0.5125758162894101,Class 1,2.5627844220129448,0.9410943322614242
-0.4140295004407478,Class 2,0.6388479390114198,-0.44808882004154854
1.640579201023894,Class 1,3.0626898180872826,1.1192935553663323
0.2608783310845966,Class 2,2.1832066777759582,0.780794749117445
0.6174162466851418,Class 1,3.439773605495743,1.2354056568636902
-0.49379801716771615,Class 2,1.0072433174291402,0.007217210596365944
0.5650710936558118,Class 1,0.10824101563365801,-2.2233949119997494
1.188627665041003,Class 2,5.917501608095012,1.7779143341583963
0.770537665705542,Class 1,2.4439156962009516,0.8936015465249473
-0.7996740964353757,Class 2,2.0472972332787873,0.7165205004754863
-1.3862569651703354,Class 1,2.6227160351477834,0.9642104354542057
-0.5045300611052266,Class 2,1.0643785028198105,0.062391063393403286
-0.050907871014393175,Class 1,0.503790683547398,-0.6855944075978565
-0.35918490121264335,Class 2,2.218860254365821,0.7969936651155161
-0.5936005739709077,Class 1,0.40559903609994524,-0.9023902031874124
0.07420538350252502,Class 2,0.8720347968525359,-0.13692595122192308
0.9762334207458244,Class 1,4.946445189192056,1.5986691749943984
0.8839103023322471,Class 2,0.19303557488414994,-1.644880781238558
1.068032245377088,Class 1,1.5557880784624474,0.4419822201197383
-0.8192331726358082,Class 2,1.3220480870022489,0.2791821152023397
0.8703098844655778,Class 1,1.2349710251426609,0.2110475083817704
-1.6919369318679571,Class 2,0.7481934846456074,-0.2900936651444889
-1.193859584886659,Class 1,2.2924428327792308,0.8296179882090892
0.21814553567085657,Class 2,1.688962970470612,0.5241147136484513
0.006049126658715154,Class 1,0.2693807820422317,-1.3116293536965506
0.8979510943301363,Class 2,0.11050235118165197,-2.202718480588687
1.4408329169629508,Class 1,2.433275918603206,0.8892384641132942
-1.2081188742595321,Class 2,1.2149426000116885,0.19469683288780237
1.2893037160145961,Class 1,0.42305938580185853,-0.8602427178233203
-0.1915340807437626,Class 2,2.0361621841644624,0.7110667537497465
0.6159033837093393,Class 1,0.47589791967816436,-0.7425519022070003
0.3897216698980495,Class 2,4.527711680192629,1.5102166640044323
-2.7531458056043814,Class 1,0.8316099680375094,-0.18439173649302598
-0.9435494202284549,Class 2,0.8127696280272276,-0.2073075699485725
0.08954327371668658,Class 1,0.4956108267604446,-0.7019642837021559
0.545920647384159,Class 2,0.7716798974199678,-0.2591854555922744
1.0693099097476833,Class 1,1.2770772185270358,0.24457404392000134
-0.3952346113251573,Class 2,0.1800270894243581,-1.7146479426134449
-1.9444993749044217,Class 1,2.109097735728709,0.7462602426365778
-0.675568838326206,Class 2,5.334647708774404,1.6742228486041943
-0.010025731707134238,Class 1,1.1912843853635917,0.1750320405128943
0.7209907621522332,Class 2,1.1569940003950254,0.14582526271410645
0.12714795504823478,Class 1,0.36494769725404014,-1.0080012308617934
-2.3543056441926407,Class 2,0.9342965807544764,-0.06796135287688042
0.5439185309343395,Class 1,0.668418224360834,-0.40284121698204
-0.49279167762844406,Class 2,0.3799496224180921,-0.9677166076341955
2.129146376644168,Class 1,0.15570098543209804,-1.8598178711185516
0.07627631111539336,Class 2,0.8160336545266655,-0.20329968157602896
0.20977455248243113,Class 1,3.840757866164725,1.3456697081069164
0.050253068768597024,Class 2,0.46009664822406277,-0.776318706733007
0.3357577781602734,Class 1,29.76154191166338,3.393217020170548
-0.9768563974310557,Class 2,0.30025640426463607,-1.2031184884755453
-0.7038784724303241,Class 1,0.31484423706343423,-1.1556772479676907
-1.1925931927262428,Class 2,1.0807646007963079,0.07766875434833027
0.6259144408666916,Class 1,0.5417005816103869,-0.6130418626426799
0.06685648471263095,Class 2,0.5388338918828667,-0.6183479338947611
-0.2761215636487512,Class 1,2.289235695689808,0.828218004516076
0.36427166135124533,Class 2,2.209915594372253,0.792954322208565
0.17672822261083027,Class 1,0.645351587506004,-0.43796001378918487
1.0416105978633352,Class 2,1.0592378576554442,0.05754964730607405
-0.8962889554030753,Class 1,2.134908674136052,0.7584238701853832
0.19471687210863264,Class 2,0.6583656610890549,-0.41799478606892876
-1.2230090890145506,Class 1,0.9777897949784706,-0.02246056560869353
-0.8045953433930594,Class 2,3.490892248927163,1.2501573622575994
0.1827215036692626,Class 1,0.42693068079411267,-0.8511336189927124
1.26576325650349,Class 2,0.39960150468348576,-0.9172874667406394
-3.0171184159829303,Class 1,0.31958005736131506,-1.1407474657812209
-1.4203748844864703,Class 2,1.289580480557026,0.25431695661118586
1.2601675492436404,Class 1,0.3562072180273545,-1.0322426443584047
0.0021713325764770863,Class 2,4.2059254668190835,1.4364943564432961
-0.19315789599498068,Class 1,5.584927675520131,1.7200714826647332
-0.5767153483205771,Class 2,1.997110207692536,0.6917012395371597
-0.6741819242805079,Class 1,1.0523148796354034,0.05099238477242622
0.5452148999591856,Class 2,0.3026975038363017,-1.195021309317168
0.13077193703297166,Class 1,0.3263465086211722,-1.1197955522232754
-1.2412122972333526,Class 2,0.5238066200720037,-0.6466327084393196
-0.7665869249854242,Class 1,0.403434887216208,-0.9077401742658914
-1.2964824134344815,Class 2,0.34201330787501005,-1.0729056307613467
-0.34635027616631214,Class 1,0.6389233674110999,-0.447970757600502
1.889440494374665,Class 2,1.1237028012903165,0.11662930484515278
1.1863549840462992,Class 1,0.3633417265153607,-1.012411492192877
0.33296742519566336,Class 2,1.227674273884346,0.20512154526029
3.2515255566362153,Class 1,0.19080421348581497,-1.6565074369527941
0.26031876838448625,Class 2,0.4747320053490663,-0.7450048334329157
0.11102713844947644,Class 1,0.07823894054419624,-2.547987794449043
1.2677527774263824,Class 2,0.4459052378701846,-0.8076488206803479
0.22806066165752728,Class 1,7.585805350862461,2.026278783942316
0.7952686829597049,Class 2,0.6503238210094916,-0.4302848539775354
-1.2843060832148283,Class 1,0.8957615307615876,-0.11008105013464355
-0.6252603309050373,Class 2,1.9122203138083602,0.6482650348783194
-0.06068566481879017,Class 1,0.6477901916037493,-0.43418841344667775
1.8350606949499206,Class 2,0.5569827733891576,-0.5852209670211651
0.33263263647222113,Class 1,0.1651882351632037,-1.8006696361503252
0.7104942213809858,Class 2,0.9872814175554503,-0.0128001560191709
1.7325902718014292,Class 1,0.3631537581743974,-1.0129289581623675
-0.5289013582930566,Class 2,0.17129379409481382,-1.7643751025931227
-0.3416088524220294,Class 1,6.288549086010179,1.8387303741532572
1.0541981321582883,Class 2,0.3050055756702649,-1.1874252216557044
-0.7205321181237447,Class 1,7.03605549979407,1.9510477148194818
1.2688148818954763,Class 2,1.31304157924863,0.2723462621830288
-1.4287752579243869,Class 1,0.9089324674953997,-0.09548448074891232
1.6067130958242006,Class 2,1.3890532481261693,0.3286223986214121
-0.12722107714520556,Class 1,2.8368278106742357,1.0426864598269192
0.9418588038083743,Class 2,0.6062176162701635,-0.5005162546187402
-0.5011577159360968,Class 1,0.6206624851574175,-0.4769678469614646
0.07433360135306227,Class 2,1.680446843866469,0.5190597365411053
-0.5877253036376339,Class 1,0.4306465445989593,-0.8424676074666881
-0.5094699603675585,Class 2,11.122936414455786,2.4090093200113163
1.3532016214766491,Class 1,0.7996557590684235,-0.22357394508479314
1.6356870247252528,Class 2,0.325503160659921,-1.1223831072119284
-0.0023682128639286953,Class 1,1.708834162811697,0.5358113618660216
-1.2588280664254785,Class 2,0.6799953352361245,-0.3856693407823899
-1.5867981674751792,Class 1,0.283177009002655,-1.2616831033583118
-0.29584238079265096,Class 2,0.4285010736139327,-0.847462035430679
-0.45693714321093004,Class 1,0.8608614280843241,-0.1498217304986128
0.10861506376668967,Class 2,0.3109444297600341,-1.168141065212133
-0.4845036419618891,Class 1,3.112492315810829,1.1354237929719806
-2.6799060527343337,Class 2,0.9198752860696515,-0.08351717674789522
0.1253185460336137,Class 1,0.631174466021786,-0.46017296333940144
-0.15340324938680264,Class 2,2.9270933464360382,1.074009898706534
-1.1674909410489382,Class 1,0.631281080878169,-0.46000406256994725
2.2856313928475793,Class 2,1.5018998318841927,0.4067308612939718
-0.6789823776748062,Class 1,1.3455129918006528,0.2967753468800523
-0.48600167444615205,Class 2,0.2652926097675038,-1.3269218743609827
-0.2965836909284297,Class 1,0.33513311575616056,-1.0932274656176821
-0.4458412369315723,Class 2,3.0349702323111085,1.1102016163286361
-1.339275936376145,Class 1,1.2160930270775627,0.19564328314869628
-0.391717313629909,Class 2,0.6417549661716292,-0.4435487207775737
0.40752992879371497,Class 1,0.6624013380352124,-0.41188365593243226
0.11382220419631549,Class 2,2.732879432608795,1.0053557905717185
-1.1859686695817127,Class 1,1.03135319722004,0.030871723691636068
-0.8220343229067246,Class 2,0.4992666795886804,-0.6946148979529927
1.1135910665827768,Class 1,0.19956615226278993,-1.6116095073264551
-0.2142389066266162,Class 2,2.875171616079428,1.0561123650171507
0.9872049028169747,Class 1,0.5739573561974964,-0.5552001777612395
1.726977530152387,Class 2,0.4151447872202456,-0.8791279347295509
-0.36692187874503013,Class 1,12.01863009055436,2.486457953440232
0.7411786726608635,Class 2,0.2807426887319202,-1.2703167276192608
0.8583100505344984,Class 1,0.7241240294855705,-0.3227925898243923
0.2902776673253603,Class 2,1.0214466577557482,0.021219914387577254
-0.6000050874124955,Class 1,2.4969502239402708,0.9150700767538387
0.8498642404557166,Class 2,1.8788555129774238,0.6306628217734909
-1.2474856900016646,Class 1,3.5176873015190933,1.2578037570661114
-1.1663648948173555,Class 2,0.5107996864486977,-0.6717777686675245
-0.37090393047196346,Class 1,0.2789144206232458,-1.276850280331315
0.16613285618700438,Class 2,0.8811416850535032,-0.1265368429873677
-0.9931250539344989,Class 1,0.8776936004988927,-0.13045772062758515
0.4396541897084259,Class 2,0.2561498564496887,-1.3619926290121183
-0.393240213591825,Class 1,1.3685879926752962,0.31377954606163155
-1.1379165116524208,Class 2,5.46247500396707,1.697901984478437
-0.41114261083892223,Class 1,10.502792983168412,2.351641220189168
1.1798678785809829,Class 2,0.3941867313189873,-0.9309305445992049
0.7812968697264802,Class 1,1.1183695150439905,0.11187183447568919
0.36807814420539076,Class 2,1.0516577603592026,0.050367738534090246
-0.837801894583995,Class 1,2.077605462570623,0.7312160106325941
0.7445327244099461,Class 2,8.254264081115366,2.110729925138351
-1.6976833867200094,Class 1,0.5760375941821251,-0.5515823527387875
0.9282706108164988,Class 2,7.1282782152709885,1.9640697207298963
0.05880453988920283,Class 1,0.9473311877758096,-0.05410652383481242
-0.6859512272110173,Class 2,4.093248876092102,1.4093390009615037
0.050917914532433696,Class 1,0.2975398194614905,-1.2122072160237738
1.6397450948444316,Class 2,0.7642945501763039,-0.2688020272358842
-0.15518799860339783,Class 1,0.4923548945298742,-0.7085554921782504
2.48457473148659,Class 2,0.2731413296406471,-1.2977659267615476
-0.8188451327783133,Class 1,0.6996108689127294,-0.3572310000625312
-0.9530842697349995,Class 2,0.7048691927579526,-0.3497430355722508
-1.0294834116980642,Class 1,0.956883336309297,-0.044073800593196884
-0.4270557697403881,Class 2,5.399739916216739,1.6863507887467555
-1.0556666710898752,Class 1,4.977992066509498,1.605026610233704
-0.870848971429674,Class 2,0.45726717468893435,-0.7824874315878275
-0.6727686895860968,Class 1,2.8543158158092474,1.0488321701888006
1.350461890358099,Class 2,0.1776065317512389,-1.7281846712217597
0.8434893981990604,Class 1,0.20477540525139062,-1.5858414845742956
0.08743487674256521,Class 2,0.40366048515838543,-0.9071811376122949
1.0752598162104727,Class 1,2.075144536626344,0.7300308074622478
0.27169752661907287,Class 2,2.049584799731402,0.7176372359205969
1.2706991022707295,Class 1,0.5805352880844246,-0.5438046905713189
-0.7039067761703949,Class 2,1.414788001938951,0.34697969791949984
1.019833890180662,Class 1,0.7351902384302096,-0.3076259854632322
0.5608098287300807,Class 2,1.1856130760476105,0.1702600045538679
-0.21865953437047725,Class 1,0.05684849493358278,-2.8673655334793544
-1.4621293651373315,Class 2,0.30384346069312274,-1.1912426421294091
0.2505952923817163,Class 1,0.34241102414982494,-1.0717434385335975
2.430942783341243,Class 2,0.5084646801393538,-0.6763595248255632
1.2201281491972076,Class 1,1.402264566615227,0.3380884773824677
-0.09283618235586776,Class 2,5.77528253147117,1.7535871784096275
0.27346905095934715,Class 1,0.2675315057441055,-1.3185179410987793
0.2796328477337176,Class 2,0.9882991759962624,-0.011769817359061002
0.3944058178159182,Class 1,1.2235382975747373,0.20174690506557588
-0.4432643396532678,Class 2,5.3526434289340425,1.6775905377474405
0.5060919839185097,Class 1,1.075490374826255,0.07277672019815772
-1.1223198928479288,Class 2,2.057471072581924,0.7214775939717948
-0.9339451260205474,Class 1,1.1072734236592312,0.1019006184036706
0.5930599337980701,Class 2,3.822404882959615,1.3408797750476793
1.8987543867096366,Class 1,0.3117906867683008,-1.16542319205311
0.9639611524659529,Class 2,0.3799660734777852,-0.9676733105690486
-0.771268783684636,Class 1,0.4574443000472313,-0.782100150209157
-0.9369000538163554,Class 2,0.48448868546924534,-0.7246612009286554
-0.19929613486484712,Class 1,1.8244678589387429,0.6012883603723785
1.9636620704676782,Class 2,0.3570323175110459,-1.0299289760586354
1.1960718791295553,Class 1,2.610871907235963,0.9596842296227045
0.886281677429676,Class 2,2.5298475796306943,0.9281590557193544
0.37138819738042644,Class 1,0.16231352805649227,-1.8182254557694955
-0.008277259895503623,Class 2,1.0066396538337756,0.006617708418673985
0.5767621637580711,Class 1,0.39638510000513094,-0.9253690655144693
-0.2514920533753616,Class 2,7.3149842713946125,1.9899248842844872
-0.0935696446109822,Class 1,0.4204424096198239,-0.8664477658574493
0.5253301938557516,Class 2,1.5182759866792945,0.41757547185476085
0.5106751917035378,Class 1,0.8436008549682527,-0.17007581690215073
0.7432268059255106,Class 2,0.6231098829884548,-0.4730323985587805
-0.08361259742589516,Class 1,0.5466656575980405,-0.6039178926909492
1.172589738730361,Class 2,1.7604643720531366,0.5655776220058263
-0.7000127720456244,Class 1,0.25289233693747604,-1.3747914265265602
-0.601184574070695,Class 2,7.4233768771014885,2.0046340583811997
0.01607771477141987,Class 1,1.1821370938044997,0.1673238968643878
0.16062732435026325,Class 2,0.7193889246849792,-0.3293531430504371
-0.36435210207411395,Class 1,1.572498032416007,0.45266545834589317
0.7275928562035318,Class 2,0.7451747212865124,-0.294136562882522
0.9992835825175574,Class 1,0.36058786337206783,-1.0200196255400875
1.96797033248979,Class 2,1.407130200516188,0.34155231153120924
0.3518623558203783,Class 1,1.1506327029690202,0.14031196757836
0.3346286674029762,Class 2,1.8980457960966497,0.640824828503943
-1.2551405149163348,Class 1,5.0370349158723755,1.6168175986180617
-2.428712559191218,Class 2,4.308858456016282,1.4606730096412388
1.6710601098006763,Class 1,2.008954543951257,0.6976144593703784
1.4332244980674178,Class 2,0.4454117444036149,-0.8087561562900369
0.13115962581238558,Class 1,1.1076938033938015,0.10228019940557738
-0.144076902800685,Class 2,0.7525352509446466,-0.28430743834713923
-0.35179251904714387,Class 1,1.3841890457301516,0.3251144416030616
-0.014456309777376133,Class 2,0.4576334516141422,-0.7816867392847596
0.4638607639382063,Class 1,0.38300437359358935,-0.9597088705622799
-0.8335481923547686,Class 2,0.8419284697729988,-0.17206022111216007
1.128874550594692,Class 1,1.3268618486630612,0.2828166419146758
-1.5971727138888965,Class 2,0.1729688748711093,-1.7546436147106612
-0.05555290537141373,Class 1,0.39637366487160125,-0.9253979144759368
-0.44193378075864737,Class 2,0.7666617444618523,-0.26570958602076483
0.34959241117128176,Class 1,0.2826511786969995,-1.2635417257050197
-1.4187407469662956,Class 2,0.6779437444178723,-0.3886909673191742
-1.0572839215738268,Class 1,0.15456950975425554,-1.8671113824975496
0.3087631194655067,Class 2,0.8804861038791276,-0.1272811332497699
0.29250227702953174,Class 1,0.2652244922880596,-1.3271786709074263
-0.10137726197229885,Class 2,0.18069681818123914,-1.710934689833176
-1.2350019693796812,Class 1,0.7329055493591993,-0.3107384402967644
0.373378158519155,Class 2,1.3030179238627637,0.2646830538905868
2.020162766057057,Class 1,0.7979354705476399,-0.22572754877738438
0.7300726209840492,Class 2,0.6360634043826716,-0.45245702818539024
1.2783388809351912,Class 1,2.046677567814169,0.7162177797703246
1.2810471902078595,Class 2,0.4189682912400314,-0.8699600391550941
-0.3323053222956617,Class 1,3.831668477740242,1.3433003422064038
-0.18898489844748517,Class 2,0.45740414851244543,-0.7821879276653572
0.3662516427945324,Class 1,3.209069542797859,1.165981033067057
1.3597961674109438,Class 2,2.1900619825078125,0.7839298459428837
1.332059739456595,Class 1,0.08003932358891123,-2.5252372202154665
-0.3626250398552422,Class 2,3.622511629899247,1.2871676056697268
-0.5797879928968094,Class 1,0.5387460966683714,-0.6185108827535416
-0.3368637667719966,Class 2,0.35093176461420544,-1.0471634772234781
-0.7796673348366628,Class 1,0.1125866623224381,-2.184032022135877
-0.5187093937124667,Class 2,4.26121626686628,1.4495546281854959
-0.9659319031791539,Class 1,0.3129932007249788,-1.1615738116013203
-0.13095389580129352,Class 2,0.21547460681392702,-1.5349122101913668
0.6452531866100177,Class 1,0.20999936164748806,-1.5606507880431548
-0.001295856754048072,Class 2,1.5549505643112396,0.4414437536861216
-1.0954074023383789,Class 1,1.6472371065261608,0.4990994035091364
0.2787157619618485,Class 2,1.6365462139113487,0.49258805404179445
2.2062206563909625,Class 1,0.3230692762609575,-1.1298885011684066
-0.6241844029036148,Class 2,2.2023264414912673,0.7895142750382512
-0.6549214768480268,Class 1,0.3972609420338887,-0.9231619294918182
0.6923914593775972,Class 2,0.6229622413303878,-0.4732693698478038
-0.4092099956896249,Class 1,0.3146298933722279,-1.1563582726170825
0.17507923722307547,Class 2,0.22752750988162257,-1.4804841253450922
-0.30941061845223605,Class 1,0.5982766302168033,-0.5137020396585629
-0.26776173159077515,Class 2,2.3399852899586864,0.8501446430074092
1.287009379030435,Class 1,6.085093905174553,1.8058421585594537
-0.15155309548750623,Class 2,0.7215555195911596,-0.32634595349843115
0.6471306817744732,Class 1,0.436213591658248,-0.8296232664651825
-0.1926756032582914,Class 2,1.5853311919101103,0.4607933393879261
0.32736036208867597,Class 1,0.7241944315183451,-0.32269537082908767
0.45555591259532874,Class 2,1.165063540190686,0.1527756264665722
2.060979031635202,Class 1,0.518393711603434,-0.6570202644122564
0.1344424203169167,Class 2,2.053978023359339,0.7197784120135571
0.4170141270186643,Class 1,5.030656086956592,1.6155504103883938
0.3292980387835993,Class 2,0.6304977072866883,-0.4612457599252679
-0.5879724645683891,Class 1,0.5386860733141886,-0.6186223020259879
-1.0060493564410316,Class 2,0.2061051707432316,-1.5793687028840278
-1.4016649857134162,Class 1,1.5314096994126707,0.42618868336670074
-0.797332136437306,Class 2,0.2233849949252408,-1.498858561454931
0.16897147459700004,Class 1,0.6608966697592679,-0.41415777546642385
1.1236751791664024,Class 2,0.6616346401689728,-0.41304177846770324
-1.2147979281787993,Class 1,0.5945307246255167,-0.5199828827308676
-2.9213894635113884,Class 2,0.3746641522255129,-0.9817252483609996
-0.1918865431704391,Class 1,0.21551807777104923,-1.534710485388026
1.4939640430552539,Class 2,1.653353195276332,0.5028054652685426
0.9927223535896075,Class 1,0.7271059023743713,-0.3186831416663616
-0.764756803017002,Class 2,1.317584273616476,0.2757999641820093
-0.4576423108103373,Class 1,1.2131028991490223,0.19318145666000577
0.025704414112774836,Class 2,0.18750254800200403,-1.6739628443199843
0.8908604388166749,Class 1,0.2531365185780478,-1.373826336663155
0.6874249107759479,Class 2,0.14926173099654594,-1.9020539301563668
0.8078856891511059,Class 1,1.674852896879364,0.5157253386617968
-0.9203116198273718,Class 2,0.8125317415284738,-0.207600299044737
0.43358576066535354,Class 1,3.082902345993798,1.1258714734084474
0.6002958328758813,Class 2,0.48288329229991334,-0.7279802853760421
0.027312452749656543,Class 1,0.643780197104253,-0.44039791998123123
0.009891344345504857,Class 2,1.5381064881228637,0.43055210673788574
-0.4469479923934918,Class 1,4.487967544847792,1.5013999366540942
0.255965021610198,Class 2,0.3853911942257541,-0.9534963716651985
-0.6657131677339003,Class 1,0.17683196679730132,-1.7325553374452884
0.19438238232962637,Class 2,1.1645831754893872,0.1523632337163123
0.460069523529768,Class 1,1.580333443517809,0.4576358649741697
1.1313593821256405,Class 2,2.813360556456053,1.0343796963583611
-0.6289800444500571,Class 1,1.83686983600216,0.6080629468919097
-0.4165461107200058,Class 2,3.528634008586884,1.260910829648403
0.0833227780404744,Class 1,0.43290569278532187,-0.8372353742734233
0.6908418441573172,Class 2,2.5107025339078266,0.9205626079678599
1.6968528486145489,Class 1,3.346199843264509,1.2078253268015793
2.0324075848512098,Class 2,1.2979774803885409,0.2608072686618574
-0.8115641410140795,Class 1,2.645863038394297,0.9729973025973323
1.12803127857039,Class 2,0.8916765675496376,-0.11465180458780035
-0.09061738979546077,Class 1,2.558847975233743,0.9395571475324114
-0.06084053300876309,Class 2,0.26758064673495624,-1.3183342749616482
0.6189529337180706,Class 1,1.0338098033143808,0.03325081653072049
-1.3128781962197964,Class 2,0.2462315629841347,-1.4014828728633393
0.7371056143318463,Class 1,1.7339201644553872,0.5503848360385498
0.7120915979472808,Class 2,1.2498180743006477,0.222998000162673
1.2835663312895491,Class 1,0.36811047659090673,-0.9993721777391854
-0.1536520266333772,Class 2,0.16093816419485324,-1.8267350610966167
-0.2882570867135175,Class 1,0.45689852510401463,-0.7832939584679909
0.48587774961173846,Class 2,0.43723091480012205,-0.8272938142919056
-0.13395198026895375,Class 1,0.5035168361080073,-0.6861381292335906
0.9991309788553541,Class 2,0.6519978130159022,-0.4277140713311983
-0.608202044823832,Class 1,0.8964388720184145,-0.10932517340565033
2.05933570317758,Class 2,1.8258038963022303,0.6020203811712296
-0.13792451102367426,Class 1,0.7732629201590278,-0.2571361586538308
-1.353520226597314,Class 2,1.3446838848726343,0.29615895559548994
-0.4063064751567096,Class 1,0.4865973009389317,-0.7203183954238243
0.2285155411998956,Class 2,0.26353648151389075,-1.3335634708159183
-0.08260752110000517,Class 1,6.716184100591591,1.904520151077762
0.07223196804909893,Class 2,2.316058953837857,0.8398670144117566
0.39507094613388216,Class 1,0.7354736436466232,-0.3072405741896223
-1.895492524676556,Class 2,0.5151239010537494,-0.6633478226838406
-0.14292636578791912,Class 1,0.6869668827639656,-0.3754691935054616
0.670400783802125,Class 2,2.026111254343795,0.7061183176178221
-0.6154333792863882,Class 1,0.42034214594598257,-0.8666862661335375
-0.15551187323273882,Class 2,0.8377758951420469,-0.17700464249680772
0.044051001947376066,Class 1,0.45680106181428837,-0.7835072961809357
-0.03177250761853569,Class 2,0.3090998317255237,-1.1740909742456263
2.1030119450392624,Class 1,3.1392858040169664,1.143995323099261
-0.9886244164499148,Class 2,0.5052015793719857,-0.6827977622795204
-0.44154071312001786,Class 1,0.8731492477003124,-0.1356487781893787
-1.6211863974750507,Class 2,2.2115638844956207,0.7936999053137687
0.5407221922357005,Class 1,0.49782077099925626,-0.6975151643280203
0.021085940988906964,Class 2,0.5646128948934384,-0.5716149244341129
0.5841841518724078,Class 1,0.915272279557508,-0.08853368468587088
0.765416835865265,Class 2,0.26694885839933646,-1.3206981805038367
0.07075854919351059,Class 1,0.3316078770776183,-1.1038021012455426
0.8402043429065653,Class 2,0.5677412725791058,-0.5660894700580695
0.11165278718888132,Class 1,1.5050276978898713,0.4088113019450249
-0.4668272066139822,Class 2,1.2359381861602552,0.21183034658769287
-1.2866667577690996,Class 1,4.743943366148122,1.5568687236284076
0.08222483174244384,Class 2,1.3784362118422795,0.3209496768109709
1.390674758566904,Class 1,0.9567138790629195,-0.04425090917744773
-0.45108797068182255,Class 2,2.710048277509346,0.9969664493120264
-0.4808387451370103,Class 1,2.6217186563992394,0.9638300784398737
-1.3922114082755959,Class 2,0.7085696760791557,-0.3445068815969209
1.16006551351439,Class 1,0.2105153514913903,-1.5581966998186778
-0.7851738372610021,Class 2,0.7233194122475237,-0.3239043670416938
-1.1224039114120328,Class 1,1.0304534637369565,0.029998961412579697
-0.4871209181361837,Class 2,1.199438898512602,0.1818538628693679
0.9355125365837729,Class 1,2.045978827274825,0.7158763191253648
0.8964758701973791,Class 2,2.8218335965341153,1.0373868851910075
0.36306506595548,Class 1,0.4452014232361426,-0.8092284627391757
-1.6034406856175625,Class 2,0.15979642498804017,-1.8338546176897008
0.525525770329666,Class 1,3.358438453831842,1.2114761200638928
0.9195259691425809,Class 2,0.7559609631410595,-0.2797655401925907
-1.1598318800194967,Class 1,0.09015099653747793,-2.406269275178956
1.2203722732949154,Class 2,0.6151615280891681,-0.48587039836192253
-1.0025690312885587,Class 1,2.193868203081372,0.7856662885269641
-0.07359428308396357,Class 2,1.791435464401367,0.583017233894018
-0.5556643232344288,Class 1,0.5897198505595651,-0.5281076844096848
0.07640206525665999,Class 2,0.4908645177779094,-0.7115871204695232
-0.10610968311088524,Class 1,0.3771745878775176,-0.975047100912478
-0.9263166668368135,Class 2,5.267657093970889,1.6615856895017902
-1.0432178069108278,Class 1,0.2534533648821991,-1.3725754378362676
0.6710632330786863,Class 2,1.8730128663896264,0.6275482928401865
-1.1809129034107242,Class 1,1.7611633222868053,0.5659745692719838
0.9418484381977443,Class 2,2.541670155372709,0.9328214064300795
0.4704201465041355,Class 1,0.6170891036280053,-0.48274185119554136
1.3747339438248227,Class 2,0.6468713781833333,-0.43560780148771666
0.6458741310081906,Class 1,1.5025114041487615,0.40713797751406905
-0.08874122050779791,Class 2,0.6326173283304838,-0.4578895762466031
1.7290180006274118,Class 1,1.124880805994674,0.11767707981630524
-1.128437165740738,Class 2,3.246505410009002,1.1775791593777687
-0.03516280213159504,Class 1,0.6345475241736367,-0.45484309443771737
1.2733340478751753,Class 2,0.9372563707820027,-0.06479842607579743
0.8556982320817549,Class 1,0.13693573807023307,-1.9882435283802782
-0.5678649395075918,Class 2,2.107057625901084,0.7452924841875345
1.023769887472108,Class 1,1.2911432909021738,0.25552809788362046
-1.7773314736041483,Class 2,0.4345439469078417,-0.8334581957599662
0.05740677943588831,Class 1,0.8125221147773847,-0.20761214696110228
0.21451713437502187,Class 2,3.2973358445882788,1.193114822592553
-0.3328615806479317,Class 1,2.969158299218345,1.0882785117123899
0.28183477078773617,Class 2,3.3158531035111682,1.1987149369887802
-0.039930244158293125,Class 1,0.9178084101920977,-0.0857666136376985
0.12136288499320697,Class 2,1.2136029907081007,0.1935936133768523
1.150740874998352,Class 1,0.6810987228019403,-0.38404801593565313
-1.085312557292897,Class 2,1.0217362575871185,0.021503393493764962
0.19422441038867247,Class 1,0.27833893473578797,-1.278915718202654
-1.1796197398387307,Class 2,1.5605792555540259,0.44505707000294004
-0.032718900542881166,Class 1,1.2910606453188613,0.2554640862211941
-2.346168813152471,Class 2,3.3275830929280636,1.2022462425540268
0.6941706204625574,Class 1,0.531595127278628,-0.6318731183275919
-1.1712665568410516,Class 2,0.6865670074268504,-0.37605145121496286
-0.9106093370092008,Class 1,0.44758351381812145,-0.8038921356218889
0.4290887491868374,Class 2,10.348761711862313,2.336866871187819
-1.2655005007212656,Class 1,0.2516330944417715,-1.3797832268688557
-0.9589532244991832,Class 2,1.0332276294632528,0.032687523522775964
-0.9997762462628237,Class 1,2.326455795416703,0.8443459916564212
0.2819542969597507,Class 2,10.559451140946328,2.35702130163818
-0.2412475798518799,Class 1,0.693048998344604,-0.3666545776097238
2.0717867762527264,Class 2,0.4107769003336551,-0.8897050334394844
-2.0748412942165797,Class 1,0.30678130696488953,-1.1816201404036648
-0.6603657266266586,Class 2,1.3697200480148268,0.3146063744441236
-0.03808969867383213,Class 1,1.062398889350753,0.06052945432415552
-0.9303830047104782,Class 2,0.6198502779632682,-0.47827731726173717
-0.974375871257294,Class 1,0.43363425353900603,-0.83555383396256655
1.3836200703708204,Class 2,0.4718957686241463,-0.7509971469690674
0.19314966700551386,Class 1,2.7135130931322795,0.9982441396920213
0.5966084716903125,Class 2,1.1448116636344137,0.13524013756810324
0.001032671720390494,Class 1,0.28468877730764086,-1.2563587048371008
-0.19386818703500125,Class 2,1.8258165805964226,0.6020273283850885
-1.2165513794688103,Class 1,0.7258889968701936,-0.320358172720271
2.169804881542219,Class 2,0.63937384958012,-0.4472659415660447
-0.15754991284881456,Class 1,0.627365301789177,-0.4662262895219357
0.9182085051580269,Class 2,3.140774694947298,1.1444694876263297
-1.985044689017969,Class 1,1.27529082493366,0.24317425058718317
-1.258629077365589,Class 2,1.8095843642053884,0.5930971858723348
1.9007130767227038,Class 1,1.2955133899941491,0.2589070567397896
2.2258756567219264,Class 2,0.7542859636758438,-0.28198372070634437
1.4030642288728659,Class 1,0.5489949442139207,-0.599666046597122
0.6384804762737559,Class 2,8.076530501705815,2.0889623869640386
-1.6917718954227838,Class 1,2.996973097999825,1.0976028119845374
2.249058146004256,Class 2,1.085906133559478,0.0824147845896962
1.573488308951549,Class 1,0.29802794131534194,-1.2105680340690286
0.4792890971663462,Class 2,0.5436554075529704,-0.6094396748335561
-1.0259329470853353,Class 1,0.5802454719919345,-0.5443040374048983
-0.5667325115597297,Class 2,2.396450357147343,0.87398862467207294
-1.2335295289503325,Class 1,0.837123746460072,-0.17778337418763013
-0.8120608960895617,Class 2,1.4352819864158923,0.3613613361199329
1.2837973844340367,Class 1,0.20611313372218057,-1.579330068117625
-0.3607698519874679,Class 2,5.7957278437595185,1.7571210674828754
-0.19183794695888612,Class 1,7.596524422365783,2.027690829846267
-0.1605709519134317,Class 2,1.926781947268123,0.6558512264483899
0.09243195247273199,Class 1,5.350743694996754,1.6772355596577495
-0.5069634368035489,Class 2,1.5130613686982446,0.4141349949210188
1.2350560000156778,Class 1,2.2635939670462895,0.8169538010795918
-1.6880252414968222,Class 2,2.9801676217730266,1.0919795478525252
-0.47512310691376075,Class 1,1.2057586841408052,0.1871089822141203
-0.06834486125112642,Class 2,2.5612842286567292,0.9405087845252974
-1.4044035702161668,Class 1,1.5034803175037807,0.40778263224255357
0.5074101266403468,Class 2,0.39364414803158904,-0.9323079553796269
-0.6867239955302854,Class 1,1.3486894825170164,0.2991333672727185
-1.6533484884974203,Class 2,1.9469174061493968,0.6662473044062347
-0.3573415649513137,Class 1,0.2836079210846866,-1.2601625542322437
0.5568159088547956,Class 2,2.512437721989367,0.9212534858100712
-2.1909487497390003,Class 1,0.10468976952548438,-2.2567538781483356
-0.032173091482932445,Class 2,0.30975814707054905,-1.171963456734682
-1.6463115819679903,Class 1,1.1061563278820536,0.100891238393986
-0.5517416904748832,Class 2,3.3721631944718933,1.2155544359056127
0.6015001451176633,Class 1,1.3740274348518007,0.3177461607418654
-0.3442650517640649,Class 2,1.5983846181692936,0.4689935055983891
0.009961563696673633,Class 1,2.2408690757578422,0.80686377087111
0.4119056010993801,Class 2,0.926412438652956,-0.07643574538291119
0.9367924426934338,Class 1,1.2600065076251594,0.23111688573192174
-1.5740597801653253,Class 2,1.7514146121754681,0.5604238112112244
0.9237506713028998,Class 1,11.237575723099697,2.4192631382043746
-0.9747811563484863,Class 2,2.9581953170522675,1.0845793922142837
-1.5347065174843835,Class 1,1.969166839755052,0.6776105293101192
-0.28794330278448854,Class 2,0.851305488735662,-0.16098423863768205
1.45883713010249,Class 1,0.2221907866276196,-1.5042188669584202
1.6780509605562537,Class 2,1.1716131273014845,0.15838154050194836
1.727397355129275,Class 1,0.25140757546832276,-1.3806798501522082
-0.9269000255536257,Class 2,0.1405576446154722,-1.96213759239031
0.23229839793020296,Class 1,0.629557163551143,-0.46273862175532043
-1.9062220612086929,Class 2,2.658527772264508,0.9777725004995691
-0.4952073322315244,Class 1,0.9914768243888,-0.00855970558815724
2.6533548448323425,Class 2,2.85757393224576,1.0499729894040115
-1.1078247660236027,Class 1,0.7580883660769975,-0.27695532219645375
-0.8671946457021578,Class 2,0.3694600727734113,-0.9957126018792966
0.9425111597256061,Class 1,1.6174843942963704,0.48087209930703767
-1.3308267350550416,Class 2,1.7873853380961173,0.5807538470088951
0.6820303445555912,Class 1,1.6201619534926242,0.48252611553923946
0.22807435228168924,Class 2,3.7800694860896056,1.3297423920259268
-0.3808338322402833,Class 1,1.278016008994766,0.24530888247685934
1.0543125222861665,Class 2,0.7576484246483212,-0.277535820662576
-0.12800647417021827,Class 1,0.14030089044639787,-1.9639659451625873
-0.40580516495341085,Class 2,0.7905561705662335,-0.23501856784725703
-0.03422540821567431,Class 1,0.4299403893849638,-0.8441087092417572
0.7220128298545035,Class 2,1.3951694407280681,0.33301587078481376
0.49833648905509237,Class 1,1.6923570759692037,0.526122276725544
1.4088336369376457,Class 2,0.41141602647664066,-0.8881503465749344
0.052867243203987835,Class 1,0.49211918696261003,-0.7090343419035997
1.234905835395258,Class 2,0.2743858543131481,-1.2932199357961465
1.544605197234562,Class 1,1.0124872956924902,0.012409972455629841
0.02991716491311598,Class 2,0.23826775653814627,-1.434360210208621
-1.23986448118066,Class 1,0.7915664037003538,-0.23374150715948275
-0.45232247244440577,Class 2,3.7091755913085853,1.310809639341182
-2.122311356518937,Class 1,0.6270808435958355,-0.4666798095064542
-1.0007612875917538,Class 2,2.998923315384034,1.098253329377943
0.6081628770495993,Class 1,2.40260590636441,0.8765539426241047
2.357534498472778,Class 2,0.7573419299676213,-0.27794043668398827
0.0863858831295269,Class 1,1.4384603083656555,0.36357331125176806
-1.0687382722844074,Class 2,0.15172669036768927,-1.8856744663258096
-0.4168765830303345,Class 1,2.1341647925591998,0.7580753722781982
1.027348849957913,Class 2,0.22211264457557572,-1.5045706177996774
-2.1167131664561962,Class 1,0.4039624840714004,-0.906433266542261
-0.281808306142015,Class 2,1.1306189792485353,0.12276525199993066
-2.064480460624,Class 1,8.637882188609364,2.1561574357107665
0.08213578408910296,Class 2,0.4064887048232048,-0.9001991367931016
-0.973659188065684,Class 1,2.458267333701744,0.8994567658896133
-0.4439654073618749,Class 2,0.3615931583334374,-1.0172355711811716
-0.14504383306520752,Class 1,0.7660442846276033,-0.26651529808287366
1.3500244603214286,Class 2,0.07697771522344966,-2.5642393116988575
0.22121027168617097,Class 1,1.979341084162864,0.6827640035446381
-0.19267741551627576,Class 2,0.16637104109039186,-1.7935347976490414
-0.4838171872910012,Class 1,0.41189349924014057,-0.8869904600386664
1.1062564305607843,Class 2,0.3500101591610561,-1.0497930987454829
-0.4448839731668167,Class 1,1.272108705588758,0.24067592163492166
0.5198613248498342,Class 2,2.376413883194326,0.8655925795941188
-0.45781726998345107,Class 1,0.3226565649054591,-1.131166787974928
0.762756307752591,Class 2,0.5228773871997678,-0.6484082837035069
-1.4197878981132859,Class 1,2.465729166310603,0.9024875715860582
0.6159702955557074,Class 2,1.8348324846952806,0.6069531883450422
0.689848673845003,Class 1,0.5058043010565126,-0.6816054413096851
-1.6141576810058664,Class 2,2.9531896048683017,1.0828858082414778
-2.4955541572585873,Class 1,0.6233490568417568,-0.47264863323993267
-0.16390374294787985,Class 2,0.5589355739213656,-0.5817210648459091
-1.983634553181799,Class 1,2.379988700433112,0.867095739954933
-1.284854518717583,Class 2,0.127599717055538,-2.058857125506994
-0.37801455015564367,Class 1,0.713101754339772,-0.3381311557913597
-0.16338617161616759,Class 2,0.8378902758291583,-0.17686812283761713
0.5256774288577054,Class 1,0.7133979578564467,-0.33771586861198033
0.6286368096110863,Class 2,0.6937138024093875,-0.3656957919899337
-0.5212304853194133,Class 1,1.3419098030269334,0.294093825431524
0.952746887479196,Class 2,0.5050760240769167,-0.6830463183106288
1.6527352928342252,Class 1,0.819807657277059,-0.19868553053461507
-0.8067259328623975,Class 2,0.5686456274979472,-0.5644978376489024
0.5532058654439908,Class 1,2.278607086383886,0.8235643292497826
0.025831557031302903,Class 2,1.3119765108913208,0.27153478707757733
0.9802220565440704,Class 1,0.42349552035567106,-0.8592123426185314
-1.352556647926973,Class 2,2.1169352389543628,0.7499694007326958
0.11251491563816388,Class 1,0.40492656879762295,-0.9040495399253426
-0.32149816972240364,Class 2,0.6638888014272023,-0.4096406112601063
1.0406981242690545,Class 1,1.068443853840702,0.0662032476867539
0.8017756110702219,Class 2,0.796664019228202,-0.2273222458747284
0.3596762431569682,Class 1,1.4501023226070544,0.3716341212579371
0.5954418952188769,Class 2,1.1946119608924695,0.17782141373243457
-1.1882167866387376,Class 1,1.4820704745923967,0.3934400794493242
-0.3088075226064553,Class 2,0.33769053748596334,-1.0856253724570977
0.30780922966019453,Class 1,2.4362986715987893,0.8904799497206446
1.5406273379079438,Class 2,0.3627963902475409,-1.013913510494235
3.076525866679974,Class 1,3.733332383707188,1.3173012352687608
1.085284210378531,Class 2,1.0424581717512738,0.04158155086550864
1.4433767316365507,Class 1,1.4487238256124506,0.37068304863196455
0.3051252736413425,Class 2,0.8486398110972928,-0.16412043345940397
1.8597793877559752,Class 1,0.859940318591354,-0.1508922891294636
-0.5605431743510586,Class 2,1.7896302061260667,0.5820090097538797
0.29119404520584113,Class 1,0.8317213341829575,-0.18425782914039482
-0.296951243666286,Class 2,0.8547098902667818,-0.15699317725340917
0.30124588883957637,Class 1,1.481455822184686,0.39302526793427695
0.321624171877501,Class 2,0.4215075281104615,-0.8639176414139276
-1.129934933636799,Class 1,0.5788541445890911,-0.5467047423161412
1.4249189165097316,Class 2,1.3265486107194935,0.28258053977381387
0.7625972420289592,Class 1,1.4663605564309716,0.38278351894848706
0.2712348315754772,Class 2,0.6161274642792843,-0.4843014143228257
0.039880775807824564,Class 1,0.13471488362691908,-2.004594707037985
-1.145113673984536,Class 2,1.1356727302924718,0.12722518926192403
0.9601113102924912,Class 1,0.1841707446494541,-1.6918919916105257
0.572846671962428,Class 2,1.6206973506338969,0.4828565199757799
1.1019472097805656,Class 1,1.2660586323346474,0.23590863571011075
0.6397807235993569,Class 2,0.746994580051943,-0.29169734949553083
0.859879965381446,Class 1,0.5963965906717318,-0.5168494126207506
-0.0020794903843140014,Class 2,1.5549903666277447,0.44146935051730984
-0.09808102189220115,Class 1,4.8492987452456635,1.5788341058863096
-0.7580757133286933,Class 2,1.3288499841127213,0.284313894588354
1.1074915301009631,Class 1,1.6928718650688328,0.5264264151531444
-1.116983316676294,Class 2,1.5626449861922374,0.4463798894866177
1.7790301185977802,Class 1,2.286206286069596,0.8268938001769253
1.0726342573930656,Class 2,0.40427956471139875,-0.9056486484770594
-0.8529300645131994,Class 1,2.456569004179528,0.8987656626776006
0.7257500751857249,Class 2,0.5081728855851693,-0.6769335633463397
0.596150034832634,Class 1,0.37324243190986545,-0.985527118964342
0.16609982345841107,Class 2,1.5783808487679811,0.4563995423328297
-2.089910717387312,Class 1,0.9095640599033532,-0.09478984930603249
0.5643639234269311,Class 2,0.6498565351694439,-0.4310036555775544
0.1870726144640142,Class 1,0.7803922783295669,-0.24795856478550585
0.7375481129164019,Class 2,0.6060125880837692,-0.5008545207131054
0.9833396157125435,Class 1,1.208345536324112,0.1892520986143849
0.6700744780648948,Class 2,0.7098526012524389,-0.3426979343692467
-0.1675162127020399,Class 1,0.4242247120982042,-0.8574919827770123
-2.1183470134073183,Class 2,7.897549334074213,2.066552500470947
-0.5853535760483723,Class 1,0.7833269633317799,-0.24420509246198308
-0.5950694212799077,Class 2,0.18889344231187674,-1.666572220207608
0.1691489212030181,Class 1,3.1278905059773923,1.1403588175874626
-0.4564260205006649,Class 2,0.30473617838129496,-1.1883088656072929
-0.6913803395625026,Class 1,0.11061523792253207,-2.2016974243159138
0.5211791988474261,Class 2,0.3749049148051862,-0.9810828456831334
1.2927413091236162,Class 1,6.404273988364639,1.8569655781612726
-0.13748780981382805,Class 2,4.2014431894595194,1.4354280828046613
-0.0355578712058675,Class 1,0.26730206445153554,-1.3193759325167873
0.9053083817677637,Class 2,0.6293292866476543,-0.4631006510804301
-0.5010473091373849,Class 1,5.9359498953594825,1.781027065020743
-2.9220082387005095,Class 2,2.4782518346314903,0.9075534062237423
-0.018352558009225035,Class 1,1.39948378315059,0.3361034423039407
-1.449315141642436,Class 2,0.749471920731514,-0.2883864261419263
-0.04319451480675451,Class 1,0.48926108950987474,-0.7148590066166366
1.7850376524336007,Class 2,0.673944381291324,-0.3946076918141025
-0.5328458437120512,Class 1,1.8296160248895985,0.6041061223728162
-1.3154254762633346,Class 2,0.3848445102995168,-0.9549158956234491
-0.19184626579084899,Class 1,0.3388824679173562,-1.0821019340255111
-0.46037202692618007,Class 2,0.23184470409931912,-1.4616875103321423
0.7946140059234178,Class 1,10.439190962149887,2.345567085404728
-1.6910862341980546,Class 2,1.1993328636593887,0.18176545524763865
1.7870549683381711,Class 1,3.659271043618242,1.2972639591662967
0.12372686059176767,Class 2,0.3258396602754647,-1.1213498582540362
1.488693507994208,Class 1,0.8301628378114091,-0.18613340730003322
0.0013327750439847204,Class 2,0.4557623796795706,-0.7857837024800028
0.21459511333420267,Class 1,2.1273762169079533,0.7548893973557864
-0.8057059347280423,Class 2,0.45848001605488997,-0.7798385737210104
1.2533232260508596,Class 1,1.1214500345839316,0.11462252167528256
1.337832542331891,Class 2,1.3438154510428573,0.2955129194604758
-1.7605547976823936,Class 1,0.9476498168057812,-0.053770236524064687
-0.3523960622484624,Class 2,0.4011988678415601,-0.9132980448286471
-0.3859333290385329,Class 1,0.09027767182399929,-2.4048651157570067
1.00303879100915,Class 2,0.6419336180381864,-0.44327037933260316
1.3719890165491622,Class 1,0.4512247545279983,-0.7957897165443873
0.6648692383705148,Class 2,4.795341695147322,1.567644966515418
-0.8211073861842602,Class 1,3.1744638478863054,1.1551387512775875
-0.2412215891178252,Class 2,7.249694503294414,1.9809593305021425
-0.5640010853179948,Class 1,1.0105276509756254,0.010472621144385111
-1.0807574878282287,Class 2,0.6039359765548268,-0.5042870857470344
0.6025727282958155,Class 1,0.2841259296734202,-1.2583377247569907
-2.486497990315109,Class 2,1.402451841322161,0.338222020086951
-1.0651709459758163,Class 1,0.6912597797454311,-0.36923957833184895
0.013296394673066524,Class 2,0.21269153346141847,-1.5479123626390936
0.8591256968782994,Class 1,1.2667204058591517,0.23643120284256441
-0.08879149348715584,Class 2,1.1978415001298361,0.18052118720899143
-0.3839362655878439,Class 1,2.939626906182989,1.0782826706389192
1.2186394982949644,Class 2,3.0934418962733,1.1292843532921635
0.09058203750502704,Class 1,1.0851859050730184,0.08175131339633927
-0.20582033163208788,Class 2,0.08725793932707711,-2.438886726886662
-0.41137070852182867,Class 1,4.3055484350351865,1.4599045246634899
-1.285182234654667,Class 2,1.5255109796251152,0.4223294225430586
0.5758008993390328,Class 1,1.3733685324489007,0.31726650478882845
-0.25550572390088366,Class 2,0.08603983229159338,-2.452944923775658
0.019704687566973748,Class 1,0.9817539612427042,-0.018414550652907632
-0.06707996123645078,Class 2,2.756542669023042,1.0139772383484535
-0.641163641302738,Class 1,2.8632464096733425,1.0519560893608564
-1.6654252811862293,Class 2,0.7951672836939644,-0.22920276672209805
-0.8908482496433832,Class 1,0.4245331862506791,-0.8567650990174454
0.29002991226453684,Class 2,0.9672962752554783,-0.03325044446219051
1.1485037000578575,Class 1,0.7964657747290267,-0.22757112013588462
0.28395210882352284,Class 2,4.461383700246712,1.4954589646075074
0.965019168841288,Class 1,3.9466097341391215,1.3728569152121954
1.2680461690688103,Class 2,0.5861106408422693,-0.5342467003288331
1.2337863516962353,Class 1,1.2325821932771186,0.20911131296844218
0.7408258842205183,Class 2,1.1299712453981763,0.12219218585019377
0.6381631575871685,Class 1,1.0350069998075178,0.03440818979351372
0.6060360587615193,Class 2,4.609706750005804,1.5281642432728395
0.7341210760587987,Class 1,1.5966700881561025,0.4679202656476807
0.9840516835569099,Class 2,1.9423355949406635,0.6638911638686711
0.27007814784428646,Class 1,0.10639713343363379,-2.2405766438507357
-0.29007992782748077,Class 2,3.2068776401142274,1.1652977659807118
0.5323812882104564,Class 1,1.721049879652915,0.5429344997570603
0.4950756409696564,Class 2,2.8283455734641745,1.0396919376919829
0.6936074153435445,Class 1,0.45524208037544295,-0.7869259567356357
0.2054299585276492,Class 2,2.9213378565237202,1.0720416813947151
-0.8164635514365597,Class 1,0.9800491543115619,-0.020152551114585353
0.14318251730984954,Class 2,1.0432807263983896,0.04237029263034713
0.20186040311671857,Class 1,1.3111565835270478,0.270909635885119
0.24459231005992452,Class 2,0.3886311343025991,-0.9451246260958258
-0.8589570164840595,Class 1,0.5923479089290742,-0.5236611327149331
0.16465880903246957,Class 2,0.8475016580496167,-0.16546248332871774
-0.8109510833017689,Class 1,2.30526269346807,0.8351946367523171
-2.579168331378533,Class 2,0.151888853051033,-1.884606255542279
0.10669801476406701,Class 1,0.8701761900274206,-0.13905957056446508
1.2820430717370688,Class 2,0.39017356998422403,-0.9411635876227746
0.2004286488084882,Class 1,0.5777775420958854,-0.5485663596598885
1.224607443722258,Class 2,2.7797204573314116,1.0223503677298027
-0.7497270910985757,Class 1,2.376902625373552,0.8657982221933723
0.9754674767768732,Class 2,0.220683902624329,-1.5110239061940873
-0.16631668439989647,Class 1,0.4600345610572128,-0.7764536595882475
0.3454289307292343,Class 2,0.3605770454039107,-1.0200496269115527
0.04461823483745975,Class 1,0.38929960694698673,-0.9434060340066509
-0.2674236344647082,Class 2,4.991085085402607,1.6076533381086617
2.594284979969673,Class 1,3.4242114837801703,1.2308712214948223
1.9144616921399298,Class 2,1.208525863201751,0.1894013220095635
-0.37510745114827854,Class 1,1.1232822055785467,0.11625494033858401
0.8831534651589561,Class 2,0.5828876653145105,-0.5397607950491744
-2.4751797121207626,Class 1,0.28537553863635773,-1.2539492866653377
-1.0361834813826123,Class 2,0.46706185055968336,-0.7612935877709927
1.4861694140997683,Class 1,0.6458467595297777,-0.43719301768949875
1.18343921622285,Class 2,2.1401606569583884,0.7608808995609389
0.6644737923100803,Class 1,1.730410802276269,0.548358838284169
0.5091282524650573,Class 2,0.7040034562251847,-0.3509720134253721
-1.0490623076100976,Class 1,0.8039949341045596,-0.21816231068799685
0.02277572846633425,Class 2,0.46261880987605924,-0.7708518688007657
0.3619330426839796,Class 1,0.5470617649089914,-0.6031935671960997
1.234182445499656,Class 2,4.962412836829853,1.6018920814922732
-0.2662440453519158,Class 1,0.2990761849176626,-1.2070569389914894
-0.3017054533565129,Class 2,0.8867141845601857,-0.12023257570124898
-0.07837878392179436,Class 1,0.9272697376217023,-0.075510776646801
-0.43175221705592853,Class 2,0.21584692994358234,-1.5331857801831092
2.639631772810834,Class 1,0.676653554353771,-0.39059587360447473
1.3829442069360947,Class 2,1.694109779196281,0.5271573988504822
-0.43713612682847586,Class 1,2.060357934613669,0.7228797223747255
-0.7014452945226086,Class 2,1.2455850632687275,0.21960534987031788
-0.04998627772065455,Class 1,9.619385065015368,2.2637803400789065
-0.15742925639794836,Class 2,2.3976140647697184,0.8744741031900133
-1.6131359167241541,Class 1,1.7768607818925743,0.574848201642298
1.139410414316486,Class 2,2.5976092329168745,0.9545914962030443
-0.9636058249930535,Class 1,11.441609575456003,2.4372566732099803
-1.3689336984029112,Class 2,1.2536685533057061,0.22607409571582474
0.10583121394713792,Class 1,2.564148074583447,0.941626288788476
0.979426170997321,Class 2,2.3036790918294794,0.8345074500727369
-0.4586828367803795,Class 1,3.9887511472573376,1.3834781862335497
-1.2896391347245277,Class 2,0.3380006236999578,-1.0847075382346734
-0.278008579366683,Class 1,0.775887596314272,-0.253747619401183
0.9625697311883092,Class 2,0.9100448896904774,-0.09426135135769782
0.9773591375349285,Class 1,3.4740089352863985,1.245309239861201
-0.19941461708442898,Class 2,0.9592447265197727,-0.04160904737368137
-0.9098589795999075,Class 1,12.873977175884667,2.5552080007443307
-0.633249616474282,Class 2,0.24788436430085686,-1.3947929145366196
-1.6205667089770097,Class 1,1.1912258362622214,0.17498289142564122
1.4134546368880756,Class 2,1.0979296616966012,0.09342628064977566
-0.6962589225661521,Class 1,1.3871147570812836,0.327225875531816
-0.14115365796311008,Class 2,0.9371548872259329,-0.06490670920281716
2.138122600660013,Class 1,0.664659296905042,-0.40848070509608986
1.508632862939094,Class 2,0.5564238417460328,-0.5862249698400422
1.2274085698603898,Class 1,0.17973396238884073,-1.716277508120362
0.5978578621700208,Class 2,0.1729480253707345,-1.7547641610059446
-0.38448644030505796,Class 1,0.3575504499727725,-1.0284788079994385
-0.7277237266683629,Class 2,2.4894319268311884,0.9120545426134449
-0.45996744011673957,Class 1,0.2634530597192082,-1.3338800683528795
1.1668646276236143,Class 2,5.722405802244512,1.7443893117644993
0.4719309484587192,Class 1,4.727633976530671,1.553424860975599
-1.9121151866308415,Class 2,0.7979010760487456,-0.2257706540678015
0.8090824651622578,Class 1,12.429029154355472,2.5200347974324773
-0.049341019627179086,Class 2,0.7422933727760639,-0.2980107328574504
-0.4073360460616617,Class 1,0.724461701342312,-0.32232638081008064
0.09757688348200644,Class 2,0.13734994201295248,-1.9852232886254904
1.1877048665102228,Class 1,1.3882433714941136,0.3280391864075708
0.4048454333749745,Class 2,0.052641290548694375,-2.944254475763047
-0.3171954711846037,Class 1,0.8758032699250126,-0.13261379097826884
-1.3078664589096618,Class 2,0.4542283582998842,-0.7891552155488213
0.7102319548688629,Class 1,2.2784703492557448,0.8235043183633698
0.6654129934277582,Class 2,1.4699095023753213,0.3852008358855795
-1.559244306501223,Class 1,1.3611036113815942,0.3082958496339771
-0.06419583437302755,Class 2,2.855791345547177,1.049348983526651
0.7794770208564759,Class 1,1.0567814319146682,0.05522790396816693
0.2044583742225622,Class 2,2.9243459382944135,1.0730708448396717
-0.11301009946806892,Class 1,2.1302921318966463,0.7562591214421641
0.9974001250563492,Class 2,0.1937054021197434,-1.6414168198525392
1.1877638083210564,Class 1,0.17263178227356085,-1.7565943789669183
1.1920536500779053,Class 2,1.8075988802198464,0.5919993790703115
0.050478701615086115,Class 1,2.3275158125542084,0.8448015239394374
-0.9852376546763665,Class 2,0.5384525684293949,-0.6190558671761037
0.12200456070587826,Class 1,0.2549365700595085,-1.3667405096305185
2.918494905537613,Class 2,2.662170468014988,0.9791417554939724
-0.7013898722708369,Class 1,1.1589673795847844,0.1475294186507293
-0.8151498583616259,Class 2,2.805608574480566,1.0316204760412448
-0.6336867036337986,Class 1,2.4948044755726824,0.9142103596287322
-0.19112657329317503,Class 2,0.5667263792814576,-0.5678786679549437
-0.6448263701004242,Class 1,1.3193491379072912,0.2771385376527106
0.24895737928428743,Class 2,1.0246403363655863,0.02434165966294905
-2.2710017404160885,Class 1,1.0567896756505144,0.05523570473324809
-0.6422547510053885,Class 2,2.717589362772516,0.999745223657473
